{
	"IcoMoonType": "selection",
	"icons": [
		{
			"icon": {
				"paths": [
					"M214 598l298-300 298 300h-170v256h-256v-256h-170zM214 170h596v86h-596v-86z"
				],
				"attrs": [],
				"isMulticolor": false,
				"tags": [
					"publish"
				],
				"defaultCode": 57941,
				"grid": 24
			},
			"attrs": [],
			"properties": {
				"order": 6,
				"ligatures": "publish",
				"prevSize": 32,
				"name": "publish",
				"id": 264,
				"code": 57941
			},
			"setIdx": 9,
			"setId": 17,
			"iconIdx": 264
		},
		{
			"icon": {
				"paths": [
					"M170 128h684v86h-684v-86zM342 470l170-172 170 172h-128v426h-84v-426h-128z"
				],
				"attrs": [],
				"isMulticolor": false,
				"tags": [
					"vertical_align_top"
				],
				"defaultCode": 57946,
				"grid": 24
			},
			"attrs": [],
			"properties": {
				"order": 8,
				"ligatures": "vertical_align_top",
				"prevSize": 32,
				"name": "vertical_align_top",
				"id": 269,
				"code": 57946
			},
			"setIdx": 9,
			"setId": 17,
			"iconIdx": 269
		},
		{
			"icon": {
				"paths": [
					"M682 768v-598h-384v598h384zM490 938q26 0 45-19t19-45-19-45-45-19-45 19-19 45 19 45 45 19zM662 42q44 0 75 32t31 76v724q0 44-31 76t-75 32h-342q-44 0-75-32t-31-76v-724q0-44 31-76t75-32h342z"
				],
				"attrs": [],
				"isMulticolor": false,
				"tags": [
					"phone_iphone"
				],
				"defaultCode": 58149,
				"grid": 24
			},
			"attrs": [],
			"properties": {
				"order": 7,
				"ligatures": "phone_iphone",
				"prevSize": 32,
				"name": "phone_iphone",
				"id": 320,
				"code": 58149
			},
			"setIdx": 9,
			"setId": 17,
			"iconIdx": 320
		},
		{
			"icon": {
				"paths": [
					"M277.333 384c35.328 0 64 28.629 64 64s-28.672 64-64 64-64-28.629-64-64 28.672-64 64-64zM490.667 384c35.328 0 64 28.629 64 64s-28.672 64-64 64-64-28.629-64-64 28.672-64 64-64zM704 384c35.328 0 64 28.629 64 64s-28.672 64-64 64-64-28.629-64-64 28.672-64 64-64zM853.333 42.667h-725.333c-70.571 0-128 57.429-128 128v512c0 70.571 85.333 85.333 128 85.333v256l384-256h341.333c70.571 0 128-57.429 128-128v-469.333c0-70.571-57.429-128-128-128zM896 640c0 23.509-19.157 42.667-42.667 42.667h-384l-256 213.333v-213.333h-85.333c-23.509 0-42.667-19.157-42.667-42.667v-469.333c0-23.509 19.157-42.667 42.667-42.667h725.333c23.509 0 42.667 19.157 42.667 42.667v469.333z"
				],
				"attrs": [],
				"isMulticolor": false,
				"tags": [
					"chat-3",
					"comment",
					"bubble",
					"message",
					"talk"
				],
				"grid": 24
			},
			"attrs": [],
			"properties": {
				"id": 66,
				"order": 5,
				"prevSize": 32,
				"code": 59648,
				"name": "chat-3"
			},
			"setIdx": 11,
			"setId": 15,
			"iconIdx": 66
		},
		{
			"icon": {
				"paths": [
					"M736 0h-448c-52.8 0-96 43.2-96 96v832c0 52.8 43.2 96 96 96h448c52.8 0 96-43.2 96-96v-832c0-52.8-43.2-96-96-96zM384 48h256v32h-256v-32zM512 960c-35.346 0-64-28.654-64-64s28.654-64 64-64 64 28.654 64 64-28.654 64-64 64zM768 768h-512v-640h512v640z"
				],
				"attrs": [],
				"isMulticolor": false,
				"tags": [
					"mobile",
					"cell-phone",
					"handheld"
				],
				"grid": 16
			},
			"attrs": [],
			"properties": {
				"order": 9,
				"prevSize": 32,
				"ligatures": "mobile, cell-phone",
				"name": "mobile2",
				"id": 88,
				"code": 127760
			},
			"setIdx": 15,
			"setId": 11,
			"iconIdx": 88
		},
		{
			"icon": {
				"paths": [
					"M736 0h-448c-52.8 0-96 43.2-96 96v832c0 52.8 43.2 96 96 96h448c52.8 0 96-43.2 96-96v-832c0-52.8-43.2-96-96-96zM384 48h256v32h-256v-32zM512 960c-35.346 0-64-28.654-64-64s28.654-64 64-64 64 28.654 64 64-28.654 64-64 64zM768 768h-512v-640h512v640z"
				],
				"attrs": [],
				"isMulticolor": false,
				"tags": [
					"mobile",
					"cell-phone",
					"handheld"
				],
				"grid": 16
			},
			"attrs": [],
			"properties": {
				"id": 0,
				"order": 2,
				"prevSize": 32,
				"ligatures": "mobile, cell-phone",
				"name": "mobile",
				"code": 59652
			},
			"setIdx": 16,
			"setId": 10,
			"iconIdx": 0
		},
		{
			"icon": {
				"paths": [
					"M331.429 263.429q0-23.429-14.286-37.714t-37.714-14.286q-24.571 0-43.429 14.571t-18.857 37.429q0 22.286 18.857 36.857t43.429 14.571q23.429 0 37.714-14t14.286-37.429zM756 553.143q0-16-14.571-28.571t-37.429-12.571q-15.429 0-28.286 12.857t-12.857 28.286q0 16 12.857 28.857t28.286 12.857q22.857 0 37.429-12.571t14.571-29.143zM621.143 263.429q0-23.429-14-37.714t-37.429-14.286q-24.571 0-43.429 14.571t-18.857 37.429q0 22.286 18.857 36.857t43.429 14.571q23.429 0 37.429-14t14-37.429zM984 553.143q0-16-14.857-28.571t-37.143-12.571q-15.429 0-28.286 12.857t-12.857 28.286q0 16 12.857 28.857t28.286 12.857q22.286 0 37.143-12.571t14.857-29.143zM832 326.286q-17.714-2.286-40-2.286-96.571 0-177.714 44t-127.714 119.143-46.571 164.286q0 44.571 13.143 86.857-20 1.714-38.857 1.714-14.857 0-28.571-0.857t-31.429-3.714-25.429-4-31.143-6-28.571-6l-144.571 72.571 41.143-124.571q-165.714-116-165.714-280 0-96.571 55.714-177.714t150.857-127.714 207.714-46.571q100.571 0 190 37.714t149.714 104.286 78 148.857zM1170.286 646.857q0 66.857-39.143 127.714t-106 110.571l31.429 103.429-113.714-62.286q-85.714 21.143-124.571 21.143-96.571 0-177.714-40.286t-127.714-109.429-46.571-150.857 46.571-150.857 127.714-109.429 177.714-40.286q92 0 173.143 40.286t130 109.714 48.857 150.571z"
				],
				"attrs": [],
				"isMulticolor": false,
				"width": 1170,
				"tags": [
					"wechat",
					"weixin"
				],
				"grid": 14
			},
			"attrs": [],
			"properties": {
				"order": 3,
				"id": 2,
				"prevSize": 32,
				"code": 59649,
				"name": "wechat"
			},
			"setIdx": 23,
			"setId": 3,
			"iconIdx": 2
		}
	],
	"height": 1024,
	"metadata": {
		"name": "icomoon"
	},
	"preferences": {
		"showGlyphs": true,
		"showQuickUse": true,
		"showQuickUse2": true,
		"showSVGs": true,
		"fontPref": {
			"prefix": "icon-",
			"metadata": {
				"fontFamily": "icomoon",
				"majorVersion": 1,
				"minorVersion": 0
			},
			"metrics": {
				"emSize": 1024,
				"baseline": 6.25,
				"whitespace": 50
			},
			"embed": false,
			"autoHost": true
		},
		"imagePref": {
			"prefix": "icon-",
			"png": true,
			"useClassSelector": true,
			"color": 4473924,
			"bgColor": 16777215,
			"classSelector": ".icon"
		},
		"historySize": 100,
		"showCodes": true,
		"quickUsageToken": {
			"MyiconProject": "OTQ4MWNiMDAwMjA4Y2M0ZTFiZjEwZWYwNzA5MmQ1NzYjMSMxNDQ5NjgxMjU0IyMj"
		},
		"showLiga": true
	}
}